eeg_id,seizure_vote,lpd_vote,gpd_vote,lrda_vote,grda_vote,other_vote
3911565283,0.041206628,0.057615507,0.233272,0.0059221084,0.52867585,0.1333079
